{
  "BM25": {
    "total": {
      "ndcg@5": 0.4180279765281946,
      "mrr": 0.5699814485329988,
      "recall@10": 0.29701788023428144,
      "recall@100": 0.5182769303031228,
      "map@10": 0.22875776981398308,
      "map-bioasq@10": 0.30301947167755994
    },
    "13B1_golden.json": {
      "ndcg@5": 0.4075324811113598,
      "mrr": 0.5495143239313383,
      "recall@10": 0.3526533706678365,
      "recall@100": 0.5214158235503544,
      "map@10": 0.29024713270493313,
      "map-bioasq@10": 0.32997875816993466
    },
    "13B2_golden.json": {
      "ndcg@5": 0.5139421541634085,
      "mrr": 0.6400910956671584,
      "recall@10": 0.4029068338256045,
      "recall@100": 0.5940300457695239,
      "map@10": 0.32044390409982093,
      "map-bioasq@10": 0.3937883597883598
    },
    "13B3_golden.json": {
      "ndcg@5": 0.39235361267209484,
      "mrr": 0.5411687094978805,
      "recall@10": 0.3063203005651487,
      "recall@100": 0.5842988518533028,
      "map@10": 0.20636240525836147,
      "map-bioasq@10": 0.2752398070339247
    },
    "13B4_golden.json": {
      "ndcg@5": 0.3582836581659151,
      "mrr": 0.5491516650356179,
      "recall@10": 0.1261910158785361,
      "recall@100": 0.3733630000393103,
      "map@10": 0.09797763719281699,
      "map-bioasq@10": 0.21307096171802056
    }
  },
  "Dense (Qdrant)": {
    "total": {
      "ndcg@5": 0.2505531735335047,
      "mrr": 0.3418263409857981,
      "recall@10": 0.19029569347293243,
      "recall@100": 0.3776949084028094,
      "map@10": 0.1300308404890959,
      "map-bioasq@10": 0.1802862103174603
    },
    "13B1_golden.json": {
      "ndcg@5": 0.2922676860021844,
      "mrr": 0.3659410454218558,
      "recall@10": 0.26453779813975087,
      "recall@100": 0.4320742725188224,
      "map@10": 0.19221788332019488,
      "map-bioasq@10": 0.23455123716153126
    },
    "13B2_golden.json": {
      "ndcg@5": 0.26848744477314274,
      "mrr": 0.3287482139404915,
      "recall@10": 0.234029412109499,
      "recall@100": 0.365476825281852,
      "map@10": 0.16019741765745843,
      "map-bioasq@10": 0.20820168067226896
    },
    "13B3_golden.json": {
      "ndcg@5": 0.25900325922432554,
      "mrr": 0.36349770496744793,
      "recall@10": 0.18498518172662842,
      "recall@100": 0.40703559828110925,
      "map@10": 0.12566125256374722,
      "map-bioasq@10": 0.17371451914098973
    },
    "13B4_golden.json": {
      "ndcg@5": 0.18245430413436609,
      "mrr": 0.30911839961339727,
      "recall@10": 0.07763038191585125,
      "recall@100": 0.3061929375294538,
      "map@10": 0.042046808414983185,
      "map-bioasq@10": 0.10467740429505135
    }
  },
  "Hybrid (BM25+Dense RRF)": {
    "total": {
      "ndcg@5": 0.46694992846011757,
      "mrr": 0.6512326700251431,
      "recall@10": 0.29702456153284074,
      "recall@100": 0.5332581152671525,
      "map@10": 0.2169542271271959,
      "map-bioasq@10": 0.3168885971055089
    },
    "13B1_golden.json": {
      "ndcg@5": 0.4417086329754969,
      "mrr": 0.6039203932417438,
      "recall@10": 0.35435357352864344,
      "recall@100": 0.5449599738111756,
      "map@10": 0.27426168039654397,
      "map-bioasq@10": 0.33047875816993466
    },
    "13B2_golden.json": {
      "ndcg@5": 0.5129313271912298,
      "mrr": 0.6668998279031554,
      "recall@10": 0.3892681057066146,
      "recall@100": 0.5985646825763256,
      "map@10": 0.2675311434925125,
      "map-bioasq@10": 0.3627049486461251
    },
    "13B3_golden.json": {
      "ndcg@5": 0.45610636380117925,
      "mrr": 0.6444806957083659,
      "recall@10": 0.2985136514945869,
      "recall@100": 0.5952141243412952,
      "map@10": 0.2162803563802859,
      "map-bioasq@10": 0.3143422035480859
    },
    "13B4_golden.json": {
      "ndcg@5": 0.4570533898725646,
      "mrr": 0.6896297632473074,
      "recall@10": 0.14596291540151807,
      "recall@100": 0.3942936803398139,
      "map@10": 0.10974372823944102,
      "map-bioasq@10": 0.26002847805788987
    }
  }
}