{
  "BM25": {
    "total": {
      "ndcg@5": 0.4180279765281946,
      "mrr": 0.5699814485329988,
      "recall@10": 0.29701788023428144,
      "recall@100": 0.5182769303031228,
      "map@10": 0.22875776981398308,
      "map-bioasq@10": 0.30301947167755994,
      "recall@200": 0.5182769303031228,
      "recall@500": 0.5182769303031228
    },
    "13B1_golden.json": {
      "ndcg@5": 0.4075324811113598,
      "mrr": 0.5495143239313383,
      "recall@10": 0.3526533706678365,
      "recall@100": 0.5214158235503544,
      "map@10": 0.29024713270493313,
      "map-bioasq@10": 0.32997875816993466,
      "recall@200": 0.5214158235503544,
      "recall@500": 0.5214158235503544
    },
    "13B2_golden.json": {
      "ndcg@5": 0.5139421541634085,
      "mrr": 0.6400910956671584,
      "recall@10": 0.4029068338256045,
      "recall@100": 0.5940300457695239,
      "map@10": 0.32044390409982093,
      "map-bioasq@10": 0.3937883597883598,
      "recall@200": 0.5940300457695239,
      "recall@500": 0.5940300457695239
    },
    "13B3_golden.json": {
      "ndcg@5": 0.39235361267209484,
      "mrr": 0.5411687094978805,
      "recall@10": 0.3063203005651487,
      "recall@100": 0.5842988518533028,
      "map@10": 0.20636240525836147,
      "map-bioasq@10": 0.2752398070339247,
      "recall@200": 0.5842988518533028,
      "recall@500": 0.5842988518533028
    },
    "13B4_golden.json": {
      "ndcg@5": 0.3582836581659151,
      "mrr": 0.5491516650356179,
      "recall@10": 0.1261910158785361,
      "recall@100": 0.3733630000393103,
      "map@10": 0.09797763719281699,
      "map-bioasq@10": 0.21307096171802056,
      "recall@200": 0.3733630000393103,
      "recall@500": 0.3733630000393103
    }
  },
  "Dense": {
    "total": {
      "ndcg@5": 0.2505531735335047,
      "mrr": 0.34180958043542414,
      "recall@10": 0.19029569347293243,
      "recall@100": 0.3776164630844259,
      "map@10": 0.1300308404890959,
      "map-bioasq@10": 0.1802862103174603,
      "recall@200": 0.3776164630844259,
      "recall@500": 0.3776164630844259
    },
    "13B1_golden.json": {
      "ndcg@5": 0.2922676860021844,
      "mrr": 0.3659386444614716,
      "recall@10": 0.26453779813975087,
      "recall@100": 0.4320742725188224,
      "map@10": 0.19221788332019488,
      "map-bioasq@10": 0.23455123716153126,
      "recall@200": 0.4320742725188224,
      "recall@500": 0.4320742725188224
    },
    "13B2_golden.json": {
      "ndcg@5": 0.26848744477314274,
      "mrr": 0.3287482139404915,
      "recall@10": 0.234029412109499,
      "recall@100": 0.365476825281852,
      "map@10": 0.16019741765745843,
      "map-bioasq@10": 0.20820168067226896,
      "recall@200": 0.365476825281852,
      "recall@500": 0.365476825281852
    },
    "13B3_golden.json": {
      "ndcg@5": 0.25900325922432554,
      "mrr": 0.36349770496744793,
      "recall@10": 0.18498518172662842,
      "recall@100": 0.4067218170075756,
      "map@10": 0.12566125256374722,
      "map-bioasq@10": 0.17371451914098973,
      "recall@200": 0.4067218170075756,
      "recall@500": 0.4067218170075756
    },
    "13B4_golden.json": {
      "ndcg@5": 0.18245430413436609,
      "mrr": 0.30905375837228544,
      "recall@10": 0.07763038191585125,
      "recall@100": 0.3061929375294538,
      "map@10": 0.042046808414983185,
      "map-bioasq@10": 0.10467740429505135,
      "recall@200": 0.3061929375294538,
      "recall@500": 0.3061929375294538
    }
  },
  "Pool RRF (top 100)": {
    "total": {
      "ndcg@5": 0.46694992846011757,
      "mrr": 0.6509464528486062,
      "recall@10": 0.298649133211592,
      "recall@100": 0.5329927114467615,
      "map@10": 0.21728369756627056,
      "map-bioasq@10": 0.3172940592903829,
      "recall@200": 0.5329927114467615,
      "recall@500": 0.5329927114467615
    },
    "13B1_golden.json": {
      "ndcg@5": 0.441883495002913,
      "mrr": 0.6036059501425971,
      "recall@10": 0.35435357352864344,
      "recall@100": 0.5436182464847935,
      "map@10": 0.27431283129168466,
      "map-bioasq@10": 0.3305964052287582,
      "recall@200": 0.5436182464847935,
      "recall@500": 0.5436182464847935
    },
    "13B2_golden.json": {
      "ndcg@5": 0.5127564651638136,
      "mrr": 0.6661987787939345,
      "recall@10": 0.38952954361511133,
      "recall@100": 0.5985646825763256,
      "map@10": 0.2676130942215221,
      "map-bioasq@10": 0.36311671335200746,
      "recall@200": 0.5985646825763256,
      "recall@500": 0.5985646825763256
    },
    "13B3_golden.json": {
      "ndcg@5": 0.45610636380117925,
      "mrr": 0.6444688148118982,
      "recall@10": 0.30424120567415347,
      "recall@100": 0.5954942363861132,
      "map@10": 0.21736837053331554,
      "map-bioasq@10": 0.3148464052287582,
      "recall@200": 0.5954942363861132,
      "recall@500": 0.5954942363861132
    },
    "13B4_golden.json": {
      "ndcg@5": 0.4570533898725646,
      "mrr": 0.6895122676459954,
      "recall@10": 0.14647221002845975,
      "recall@100": 0.3942936803398139,
      "map@10": 0.10984049421855994,
      "map-bioasq@10": 0.26061671335200753,
      "recall@200": 0.3942936803398139,
      "recall@500": 0.3942936803398139
    }
  },
  "Pool RRF (full)": {
    "total": {
      "ndcg@5": 0.46694992846011757,
      "mrr": 0.6510857758853061,
      "recall@10": 0.29698586184243825,
      "recall@100": 0.5331187618669295,
      "map@10": 0.21693924463358233,
      "map-bioasq@10": 0.31673523576097107,
      "recall@200": 0.6104392098459442,
      "recall@500": 0.6104392098459442
    },
    "13B1_golden.json": {
      "ndcg@5": 0.441883495002913,
      "mrr": 0.6039191427415438,
      "recall@10": 0.35435357352864344,
      "recall@100": 0.5444025602102837,
      "map@10": 0.27431283129168466,
      "map-bioasq@10": 0.3305964052287582,
      "recall@200": 0.6174451752977184,
      "recall@500": 0.6174451752977184
    },
    "13B2_golden.json": {
      "ndcg@5": 0.5127564651638136,
      "mrr": 0.6663115926090377,
      "recall@10": 0.3892681057066146,
      "recall@100": 0.5985646825763256,
      "map@10": 0.2675085190581234,
      "map-bioasq@10": 0.36264612511671335,
      "recall@200": 0.6575631189627734,
      "recall@500": 0.6575631189627734
    },
    "13B3_golden.json": {
      "ndcg@5": 0.45610636380117925,
      "mrr": 0.6444826049433354,
      "recall@10": 0.29835885273297696,
      "recall@100": 0.5952141243412952,
      "map@10": 0.21619189994508023,
      "map-bioasq@10": 0.3136699346405229,
      "recall@200": 0.680717461545964,
      "recall@500": 0.680717461545964
    },
    "13B4_golden.json": {
      "ndcg@5": 0.4570533898725646,
      "mrr": 0.6896297632473074,
      "recall@10": 0.14596291540151807,
      "recall@100": 0.3942936803398139,
      "map@10": 0.10974372823944102,
      "map-bioasq@10": 0.26002847805788987,
      "recall@200": 0.4860310835773209,
      "recall@500": 0.4860310835773209
    }
  },
  "Raw Union": {
    "total": {
      "ndcg@5": 0.4180279765281946,
      "mrr": 0.5701294446920955,
      "recall@10": 0.2969704419041106,
      "recall@100": 0.5182769303031228,
      "map@10": 0.2287509176107362,
      "map-bioasq@10": 0.3029835239651416,
      "recall@200": 0.6104392098459442,
      "recall@500": 0.6104392098459442
    },
    "13B1_golden.json": {
      "ndcg@5": 0.4075324811113598,
      "mrr": 0.5496530478358178,
      "recall@10": 0.3524636173471533,
      "recall@100": 0.5214158235503544,
      "map@10": 0.2902281573728648,
      "map-bioasq@10": 0.32986111111111116,
      "recall@200": 0.6174451752977184,
      "recall@500": 0.6174451752977184
    },
    "13B2_golden.json": {
      "ndcg@5": 0.5139421541634085,
      "mrr": 0.6402538958299586,
      "recall@10": 0.4029068338256045,
      "recall@100": 0.5940300457695239,
      "map@10": 0.32044390409982093,
      "map-bioasq@10": 0.3937883597883598,
      "recall@200": 0.6575631189627734,
      "recall@500": 0.6575631189627734
    },
    "13B3_golden.json": {
      "ndcg@5": 0.39235361267209484,
      "mrr": 0.5412571673793981,