{
  "recall": {
    "BM25": {
      "recall@100": 0.5181492321650442,
      "recall@200": 0.5896744587970656,
      "recall@500": 0.6878801071819632,
      "recall@1000": 0.7517376210191764
    },
    "Dense": {
      "recall@100": 0.38000914988887746,
      "recall@200": 0.45369631333139365,
      "recall@500": 0.5485273522316128,
      "recall@1000": 0.6138110572403105
    },
    "Hybrid (RRF k=60)": {
      "recall@100": 0.5533414683267313,
      "recall@200": 0.6366749897809155,
      "recall@500": 0.7388922299587961,
      "recall@1000": 0.7982965180477214
    },
    "Oracle Union": {
      "recall@100": 0.5279811040910052,
      "recall@200": 0.623045392730706,
      "recall@500": 0.728338610117199,
      "recall@1000": 0.7959991942105246
    }
  },
  "pool_stats": {
    "bm25_unique": 304351,
    "dense_unique": 314878,
    "union": 561955,
    "overlap": 57274
  }
}